<?xml version="1.0" encoding="utf-8"?>
<modification>
	<name>Модуль корзинного виджета SafeRoute</name>
	<id>SafeRouteCartWidgetModule</id>
	<code>SafeRouteCartWidgetModule</code>
	<version>3.1</version>
	<author>Dmitry Mezentsev</author>
	<link>https://saferoute.ru</link>
	<file path="catalog/controller/common/header.php">
		<operation>
			<search><![CDATA[
					$data['scripts'] = $this->document->getScripts();
				]]></search>
			<add position="before"><![CDATA[
				$this->document->addScript('https://widgets.saferoute.ru/cart/api.js');
				$this->document->addScript('catalog/view/javascript/sr-widget-init.js');
			]]></add>
		</operation>
	</file>
	<file path="catalog/controller/checkout/success.php">
		<operation>
			<search><![CDATA[
			if (isset($this->session->data['order_id'])) {
			]]></search>
			<add position="after"><![CDATA[
				if ($this->session->data['shipping_method']['code'] === "saferoute.saferoute") {
					$this->load->model('shipping/saferoute');
					$this->model_shipping_saferoute->onOrderCheckoutSuccess($this->session->data['order_id']);
				}
			]]></add>
		</operation>
	</file>
	<file path="catalog/model/checkout/order.php">
		<operation>
			<search><![CDATA[
			// Update the DB with the new statuses
			]]></search>
			<add position="after"><![CDATA[
				$this->load->model('shipping/saferoute');
				if (intval($order_status_id)) $this->model_shipping_saferoute->onOrderStatusUpdate($order_id, $order_status_id);
			]]></add>
		</operation>
	</file>
	<file path="admin/view/template/sale/order_info.tpl">
		<operation>
			<search><![CDATA[
			<td class="text-left"><?php echo $shipping_address; ?></td>
			]]></search>
			<add position="replace" trim="true"><![CDATA[
				<td class="text-left">
					<?php if ($saferouteDeliveryType && $saferouteDeliveryCompany) { ?>
						<b><?php echo $saferouteDeliveryType ?> : <?php echo $saferouteDeliveryCompany ?></b><br>
					<?php } ?>
					<?php echo $shipping_address; ?>
				</td>
			]]></add>
		</operation>
	</file>
	<file path="admin/controller/sale/order.php">
		<operation>
			<search><![CDATA[
			$this->response->setOutput($this->load->view('sale/order_info', $data));
			]]></search>
			<add position="replace" trim="true"><![CDATA[
				$this->load->model('extension/shipping/saferoute');
				$data = $this->model_extension_shipping_saferoute->enrichData($data, $order_id);
				$this->response->setOutput($this->load->view('sale/order_info', $data));
			]]></add>
		</operation>
	</file>
</modification>
